id,archive,censored_date,censored_msg,created_at,nickname,title,update_date,original_url
523515,http://wechatscope.jmsc.hku.hk:8000/html?fn=gh_97b2f01e93a1_2018-10-11_2247484645_IR7N1q3YfL.y.tar.gz,2018-10-12 0:16:54,此内容因违规无法查看,10/11/2018,苍声,美国副总统彭斯怎么会这么穷？,10/13/2018,mp.weixin.qq.com/s?__biz=MzUwOTc4ODU1OA==&mid=2247484645&idx=8&sn=1f2b3d2fcdb3a47fef5428d16dd3f95f
278040,http://wechatscope.jmsc.hku.hk:8000/html?fn=gh_df3f523a069f_2018-10-08_2247485447_Tr0AEamf07.y.tar.gz,2018-10-09 13:23:52,此内容因违规无法查看,10/8/2018,时代微思,美国副总统，穷到让人不好意思！,10/9/2018,mp.weixin.qq.com/s?__biz=MzU2NDA0ODk4OQ==&mid=2247485447&idx=1&sn=a819f110825a1dd0da7076b1bc003b48
263128,http://wechatscope.jmsc.hku.hk:8000/html?fn=gh_035f99f85da4_2018-10-05_2651355538_WsZgT3eO5E.y.tar.gz,2018-10-07 10:24:13,此内容因违规无法查看,10/5/2018,海国图智日播报,【海图独家】彭斯的讲话暗示了什么？,10/7/2018,mp.weixin.qq.com/s?__biz=MzI0MTA1OTg4NA==&mid=2651355538&idx=1&sn=f8d78b5640ce90606226b7461b6c3ac9
263019,http://wechatscope.jmsc.hku.hk:8000/html?fn=gh_7afcc2229f90_2018-10-05_2654053301_RBgTkqnXfG.y.tar.gz,2018-10-07 10:02:12,此内容因违规无法查看,10/5/2018,CGTNOfficial,美副总统这样指责中国 连美国民众都看不下去了…,10/7/2018,mp.weixin.qq.com/s?__biz=MjM5MTc3MTg4MA==&mid=2654053301&idx=1&sn=5be52f5178c181dc270cec65ad1c66da
262777,http://wechatscope.jmsc.hku.hk:8000/html?fn=gh_5837be3692b3_2018-10-05_2650609140_mwJLdSn2eR.y.tar.gz,2018-10-06 1:28:03,此内容因违规无法查看,10/5/2018,旺喜,彭斯最近干嘛了？,10/7/2018,mp.weixin.qq.com/s?__biz=MzI0NDA2NzkwNg==&mid=2650609140&idx=1&sn=cf831701f3d4f17991d91dbc75ada86c
259518,http://wechatscope.jmsc.hku.hk:8000/html?fn=gh_f5de27cbde09_2018-10-04_2247484233_39HrBUGutM.y.tar.gz,2018-10-06 14:47:24,此内容因违规无法查看,10/4/2018,鹅城段子,彭斯正在发表美国政府对华政策演讲,10/6/2018,mp.weixin.qq.com/s?__biz=MzU5ODY0NjAxMg==&mid=2247484233&idx=2&sn=45627c633903283468e21d588f1515b4
268189,http://wechatscope.jmsc.hku.hk:8000/html?fn=gh_11d6ef0dd9d4_2018-10-06_2650824738_2E0g5aJVfj.y.tar.gz,2018-10-07 22:15:30,此内容因违规无法查看,10/6/2018,新闻早餐,2018.10.6 周六 农历八月廿七 美国副总统彭斯突然大骂中国，目的是什么?,10/6/2018,mp.weixin.qq.com/s?__biz=MzA5Mzc1MzgzNQ==&mid=2650824738&idx=1&sn=f64b4905289fb7a0d48a078908be817a
264232,http://wechatscope.jmsc.hku.hk:8000/html?fn=gh_9fc378ee7916_2018-10-05_2650458861_XgpPAVcWaj.y.tar.gz,2018-10-07 0:38:57,此内容因违规无法查看,10/5/2018,FT中文网,美国副总统抨击中国干涉美国内政,10/5/2018,mp.weixin.qq.com/s?__biz=MjM5NjIzOTM0MA==&mid=2650458861&idx=2&sn=33c3a94000018471ade216766ecdefb5
265227,http://wechatscope.jmsc.hku.hk:8000/html?fn=gh_5c9e0938601d_2018-10-06_2654702964_UVR1cpAM0w.y.tar.gz,,,10/6/2018,观察者网,人民日报&quot;钟声&quot;逐条驳斥美国副总统彭斯,s ,mp.weixin.qq.com/s?__biz=MjM5MjA4MjA4MA==&mid=2654702964&idx=2&sn=2a4c8c5d34bda5bd93ee27f720260702
615983,http://wechatscope.jmsc.hku.hk:8000/html?fn=gh_14ef0e644b8f_2018-10-27_2652781001_PkGOKIcDdy.y.tar.gz,,,10/27/2018,铁血军事,美国一再突破底线：副总统彭斯刚刚的表态，比退出中导条约还危险,10/29/2018,mp.weixin.qq.com/s?__biz=MjM5NTA0Mjk0MA==&mid=2652781001&idx=7&sn=bd181da278da701b0617124e6b2d176e
605179,http://wechatscope.jmsc.hku.hk:8000/html?fn=gh_30bf14a1e63a_2018-10-26_2247490747_b8Cq21DanL.y.tar.gz,,,10/26/2018,见闻美股,寄给民主党的炸弹包裹门发酵：前副总统拜登和演员德尼罗“中招”,10/26/2018,mp.weixin.qq.com/s?__biz=MzIzNzQwMDc2MQ==&mid=2247490747&idx=5&sn=3e5914143a99ae206227f01cd0151f71
602584,http://wechatscope.jmsc.hku.hk:8000/html?fn=gh_456a492c2af5_2018-10-25_2651086703_4N5FSL7jar.y.tar.gz,,,10/25/2018,四月网,国防部：美国副总统讲话充斥着对中方的无端指责与污蔑,10/26/2018,mp.weixin.qq.com/s?__biz=MjM5MzEzNzEwNw==&mid=2651086703&idx=5&sn=de09dd64281216aba9bc17002778051c
598288,http://wechatscope.jmsc.hku.hk:8000/html?fn=gh_a9b0d2968ce0_2018-10-25_2652087371_cVJia7H56n.y.tar.gz,,,10/25/2018,美国投资客,彭斯称美“太空军”将成形：像主导地球一样主导太空！,10/25/2018,mp.weixin.qq.com/s?__biz=MzI0MTI0NzU1MA==&mid=2652087371&idx=1&sn=705926e6c24ed5d3e0432ed1e1ba830a
596104,http://wechatscope.jmsc.hku.hk:8000/html?fn=gh_171d8cb8e220_2018-10-24_2693937380_tuY6rWjXv3.y.tar.gz,,,10/24/2018,海外网,打外星人？彭斯又放话，不排除在太空使用核武,10/25/2018,mp.weixin.qq.com/s?__biz=MzA3OTk4MTMyNw==&mid=2693937380&idx=4&sn=1ec388e67e79d90748253aac8de43f43
585434,http://wechatscope.jmsc.hku.hk:8000/html?fn=gh_74e34350ad6b_2018-10-23_2247489830_edMOZy1j4A.y.tar.gz,,,10/23/2018,自由新青年V,彭斯做错了什么？被小男孩追着要道歉,10/23/2018,mp.weixin.qq.com/s?__biz=MzI1ODI4MjY5Mg==&mid=2247489830&idx=8&sn=a97a41f5f7a399a328e8bec907533aa3
571295,http://wechatscope.jmsc.hku.hk:8000/html?fn=gh_54e20425f3cb_2018-10-20_2247505416_zW40DMBcsm.y.tar.gz,,,10/20/2018,加拿大和美国必读,中美之间“新冷战”？美国高官：不要过分解读副总统的演讲,10/23/2018,mp.weixin.qq.com/s?__biz=MzIyMTc1Nzc2OA==&mid=2247505416&idx=2&sn=b3fb32af87068758e5d7b047cce271a7
574154,http://wechatscope.jmsc.hku.hk:8000/html?fn=wxid_pzhf43hmwizd11_2018-10-21_2656706305_fap4KdW80L.y.tar.gz,,,10/21/2018,央视新闻,我驻英大使在英媒发文 驳斥美副总统彭斯谬论,10/23/2018,mp.weixin.qq.com/s?__biz=MTI0MDU3NDYwMQ==&mid=2656706305&idx=2&sn=57ba0f6165403acdbaf108b1b56e9c99
580314,http://wechatscope.jmsc.hku.hk:8000/html?fn=gh_b63718ad065a_2018-10-22_2650689438_8Ae5t4YC0P.y.tar.gz,,,10/22/2018,人大重阳,【锐评】华黎明：彭斯们的“希望”终将落空,10/23/2018,mp.weixin.qq.com/s?__biz=MzA5MjA0NDAxOQ==&mid=2650689438&idx=2&sn=7f6fe05dad3fef417fb3e08a5d3d72f5
569228,http://wechatscope.jmsc.hku.hk:8000/html?fn=wxid_8784487845511_2018-10-20_2650326426_sV4WoeIj2g.y.tar.gz,,,10/20/2018,国际在线,我驻英大使刘晓明在英媒发文 驳斥美副总统彭斯谬论,10/22/2018,mp.weixin.qq.com/s?__biz=MTYyODMwOTMwMQ==&mid=2650326426&idx=2&sn=49e571a652ac45ac0ac8c0dc4aeb6e18
565879,http://wechatscope.jmsc.hku.hk:8000/html?fn=gh_e06f5843f7ac_2018-10-18_2652006518_iUxfO3o4Xt.y.tar.gz,,,10/18/2018,米尔军事网,美国副总统咄咄逼人，却忽略了中美博弈的终极时间表！,10/19/2018,mp.weixin.qq.com/s?__biz=MjM5NTQ4NDY2MA==&mid=2652006518&idx=1&sn=33cc3f6ff0b886bab6a80efc24071179
549656,http://wechatscope.jmsc.hku.hk:8000/html?fn=gh_11d6ef0dd9d4_2018-10-16_2650824962_yHi31KCakR.y.tar.gz,,,10/16/2018,新闻早餐,对彭斯的演讲，中国青年有话说！,10/16/2018,mp.weixin.qq.com/s?__biz=MzA5Mzc1MzgzNQ==&mid=2650824962&idx=6&sn=230f4f14d36d4ddace2921b7f85be3cc
548447,http://wechatscope.jmsc.hku.hk:8000/html?fn=gh_9a06be45b50f_2018-10-10_2247484139_DinUf4pGY9.y.tar.gz,,,10/10/2018,思想与言论LTHY,台湾一位“奇”女子为大陆出手，如此回击美国副总统,10/16/2018,mp.weixin.qq.com/s?__biz=MzI4OTc5NjY3Mg==&mid=2247484139&idx=2&sn=82c87b50c64063d83c47dd5f11318be5
536934,http://wechatscope.jmsc.hku.hk:8000/html?fn=gh_ac001a4d436e_2018-10-13_2651473535_nODp39vLWN.y.tar.gz,,,10/13/2018,思想大视野,来认识一下，这位美国“碰瓷”副总统,10/16/2018,mp.weixin.qq.com/s?__biz=MzAwMTQyNjgwMw==&mid=2651473535&idx=2&sn=b3f8d9387b3fa5a9ae7c3664c807ab74
538419,http://wechatscope.jmsc.hku.hk:8000/html?fn=gh_05d833e54446_2018-10-14_2653897358_0icUmvjafA.y.tar.gz,,,10/14/2018,占豪,令人发指！彭斯威胁完中国后，竟然开会威胁他们了！,10/15/2018,mp.weixin.qq.com/s?__biz=MzA5OTA0NDIyMQ==&mid=2653897358&idx=6&sn=05662b48a9edfe0d130718d42e6bb145
537044,http://wechatscope.jmsc.hku.hk:8000/html?fn=gh_572b3506a44f_2018-10-13_2651091306_APtnvMOW9u.y.tar.gz,,,10/13/2018,侠客岛,怒怼彭斯的神秘人士再次现身,10/15/2018,mp.weixin.qq.com/s?__biz=MzA3MDM2NTIwMA==&mid=2651091306&idx=1&sn=a8d6ce3fe1217e1d0bad2b8321ce5ecf
535447,http://wechatscope.jmsc.hku.hk:8000/html?fn=gh_d29e0d22a6f9_2018-10-13_2651492251_tXhLq0yWCp.y.tar.gz,,,10/13/2018,澎湃新闻,彭斯先生，你误解了鲁迅先生的原意,10/15/2018,mp.weixin.qq.com/s?__biz=MjM5MzI5NTU3MQ==&mid=2651492251&idx=5&sn=c521809b5a92f6bdd0d042361e90b881
537224,http://wechatscope.jmsc.hku.hk:8000/html?fn=gh_c168a0a0ca56_2018-10-13_2247487218_SphRMBEwt1.y.tar.gz,,,10/13/2018,了不起我的国,美国副总统发表&quot;檄文&quot;式演说，台湾主持人霸气回怼，有理有据，太漂亮了！,10/15/2018,mp.weixin.qq.com/s?__biz=MzI4NzcyOTgxNw==&mid=2247487218&idx=4&sn=8945edf3ba24bd5552b9fc14a47d2641
535517,http://wechatscope.jmsc.hku.hk:8000/html?fn=gh_d4dcd2d6979f_2018-10-13_2649959931_o71M9G0rIJ.y.tar.gz,,,10/13/2018,红德智库,我来介绍一下！这位是亲自“碰瓷”的大美利坚副总统！,10/15/2018,mp.weixin.qq.com/s?__biz=MzA3NDkyNTcxOQ==&mid=2649959931&idx=3&sn=147872aaa14c10add188801ada9774f2
531509,http://wechatscope.jmsc.hku.hk:8000/html?fn=gh_d017447a7b5d_2018-10-12_2247489489_uB0mL5kap7.y.tar.gz,,,10/12/2018,补壹刀,来认识一下，这位美国“碰瓷”副总统,10/15/2018,mp.weixin.qq.com/s?__biz=MzIxNzY3MDQxOA==&mid=2247489489&idx=1&sn=87af234e63c8120eca8e243c87c401a3
540742,http://wechatscope.jmsc.hku.hk:8000/html?fn=wxid_3718957189212_2018-10-14_2666555060_wWzjs0mx19.y.tar.gz,,,10/14/2018,环球网,在彭斯屁股后面喊“中国占便宜”，博尔顿真看懂中国了吗？,10/15/2018,mp.weixin.qq.com/s?__biz=MTQzMTE0MjcyMQ==&mid=2666555060&idx=2&sn=607f1f64adc6b454bca4595a1705029c
530533,http://wechatscope.jmsc.hku.hk:8000/html?fn=gh_0bc158abf466_2018-10-12_2650962384_n6tHkb0r7I.y.tar.gz,,,10/12/2018,汇通网FX678,"好友变敌人！彭斯总统计划“暴露无遗”,特朗普成其垫脚石?",10/15/2018,mp.weixin.qq.com/s?__biz=MjM5Nzk0MTUwMQ==&mid=2650962384&idx=1&sn=70e2be98415de91d94a95c512269c80e
526485,http://wechatscope.jmsc.hku.hk:8000/html?fn=gh_14ef0e644b8f_2018-10-11_2652780780_z3ZRd7ENS4.y.tar.gz,,,10/11/2018,铁血军事,美国副总统发表&quot;檄文&quot;式演说，台湾主持人霸气回怼，有理有据，太漂亮了！,10/14/2018,mp.weixin.qq.com/s?__biz=MjM5NTA0Mjk0MA==&mid=2652780780&idx=8&sn=c1952c9907f55b1a98e983e3a7495e29
528922,http://wechatscope.jmsc.hku.hk:8000/html?fn=gh_8eff317bb684_2018-10-12_2652148180_2sN0c1jJ5q.y.tar.gz,,,10/12/2018,瞭望,四篇文章，驳彭斯演讲,10/14/2018,mp.weixin.qq.com/s?__biz=MjM5NzUzNjE2MA==&mid=2652148180&idx=2&sn=0e76d660ea8c94bd731dce4b3b4703ad
525981,http://wechatscope.jmsc.hku.hk:8000/html?fn=gh_d09db1624784_2018-10-11_2655456378_2sm9DhPXW4.y.tar.gz,,,10/11/2018,新华网思客,感谢彭斯先生，给我们提供了一份写博士论文的反面教材,10/14/2018,mp.weixin.qq.com/s?__biz=MzA4MjUzOTUxOQ==&mid=2655456378&idx=2&sn=985a15e9a4fc7352cd2036d5f020f448
527392,http://wechatscope.jmsc.hku.hk:8000/html?fn=gh_551353849b07_2018-10-12_2652043805_OUsuby4NEh.y.tar.gz,,,10/12/2018,木子艺术工作室,转移视线？彭斯无端攻讦中国背后的秘密,10/14/2018,mp.weixin.qq.com/s?__biz=MzI1MjA4MjA3NA==&mid=2652043805&idx=1&sn=0b53420cba803059eb8f21a1cd7a2d5e
527252,http://wechatscope.jmsc.hku.hk:8000/html?fn=gh_2b2e9f03559d_2018-10-12_2654292629_Xz6D1dW57G.y.tar.gz,,,10/12/2018,军备圈,对美国副总统的可爱演讲，几位中国人说两句,10/14/2018,mp.weixin.qq.com/s?__biz=MzI2NjE5NzQzOQ==&mid=2654292629&idx=6&sn=7389e860fc930d4186f221436574a445
525899,http://wechatscope.jmsc.hku.hk:8000/html?fn=gh_572b3506a44f_2018-10-11_2651091285_5XPDbpcvFI.y.tar.gz,,,10/11/2018,侠客岛,【解局】彭斯话音刚落，蔡英文果然又跳出来了,10/14/2018,mp.weixin.qq.com/s?__biz=MzA3MDM2NTIwMA==&mid=2651091285&idx=1&sn=73a2103fc33582913876ee43ab73ee54
525064,http://wechatscope.jmsc.hku.hk:8000/html?fn=wxid_8784487845511_2018-10-11_2650325990_38Y41pMVQv.y.tar.gz,,,10/11/2018,国际在线,关于朝鲜战争，彭斯要补补历史课,10/14/2018,mp.weixin.qq.com/s?__biz=MTYyODMwOTMwMQ==&mid=2650325990&idx=3&sn=3917575c85259555355c10268e64c113
515236,http://wechatscope.jmsc.hku.hk:8000/html?fn=gh_303ec1b5ec96_2018-10-09_2247488314_sznierut0N.y.tar.gz,,,10/9/2018,洞见环球,彭斯做错了什么？被小男孩追着要道歉,10/14/2018,mp.weixin.qq.com/s?__biz=MzI5MDI4MjY4MA==&mid=2247488314&idx=1&sn=8d92586b196ba227ad3d155fa33ce420
524700,http://wechatscope.jmsc.hku.hk:8000/html?fn=gh_a09deab6adec_2018-10-11_2657413994_egpc50O8Km.y.tar.gz,,,10/11/2018,经济日报,转移视线？彭斯无端攻讦中国背后的秘密,10/14/2018,mp.weixin.qq.com/s?__biz=MjM5NjEyMzYxMg==&mid=2657413994&idx=1&sn=3426f1fd8ac8c5626143401cb888542a
515262,http://wechatscope.jmsc.hku.hk:8000/html?fn=gh_63ac0d780c3a_2018-10-09_2650089477_JsNS7yCXDH.y.tar.gz,,,10/9/2018,90后洞见,彭斯做错了什么？被小男孩追着要道歉,10/14/2018,mp.weixin.qq.com/s?__biz=MzIyOTI4Mzg2NQ==&mid=2650089477&idx=1&sn=9861a57f87e8d8fd5c4b5cda6fb094d0
524368,http://wechatscope.jmsc.hku.hk:8000/html?fn=zhongguozhisheng5538_2018-10-11_2651307947_ZHnVO10KBp.y.tar.gz,,,10/11/2018,中国之声,国际锐评 | 彭斯一讲话，中国网民都笑了,10/14/2018,mp.weixin.qq.com/s?__biz=Mjc4NjgzMzYwMA==&mid=2651307947&idx=4&sn=50dd1be4ffb852945cfd82887574dbc0
524048,http://wechatscope.jmsc.hku.hk:8000/html?fn=gh_68b976f584b5_2018-10-11_2768393040_hw08jpvMro.y.tar.gz,,,10/11/2018,新华网,关于朝鲜战争，彭斯要补补历史课,10/14/2018,mp.weixin.qq.com/s?__biz=MzA4MjQxNjQzMA==&mid=2768393040&idx=4&sn=3497386cfec33647256a640f147a3502
520312,http://wechatscope.jmsc.hku.hk:8000/html?fn=gh_fd6fc0d7c615_2018-10-10_2650977874_EAmIdYlNPG.y.tar.gz,,,10/10/2018,复兴军事,这个中国自媒体人给彭斯副总统写了一封公开信！,10/14/2018,mp.weixin.qq.com/s?__biz=MzA4NjQ4MzQ2Ng==&mid=2650977874&idx=3&sn=fc66d09c04166842c9c078df5fcd94bb
524452,http://wechatscope.jmsc.hku.hk:8000/html?fn=gh_44a7747bcd60_2018-10-11_2657036372_wpFo17Ukvz.y.tar.gz,,,10/11/2018,军报记者,彭斯的演讲，大笑话！,10/13/2018,mp.weixin.qq.com/s?__biz=MjM5MTE2NDUwMA==&mid=2657036372&idx=5&sn=efc681db6bf015d71e92afe0eb6126cd
523896,http://wechatscope.jmsc.hku.hk:8000/html?fn=gh_9354842c4fb3_2018-10-11_2650271220_nuveIKzlE1.y.tar.gz,,,10/11/2018,CNR国防时空,金一南：彭斯演讲为何睁着眼说瞎话，中美开启新冷战时代可能性不大,10/13/2018,mp.weixin.qq.com/s?__biz=MjM5NjU4NTU3Mw==&mid=2650271220&idx=1&sn=62788e96f061d968dc5be70a5f44e40c
522905,http://wechatscope.jmsc.hku.hk:8000/html?fn=gh_68b976f584b5_2018-10-11_2768392987_KaNXwIlU2t.y.tar.gz,,,10/11/2018,新华网,感谢彭斯先生，给我们提供了一份写博士论文的反面教材,10/13/2018,mp.weixin.qq.com/s?__biz=MzA4MjQxNjQzMA==&mid=2768392987&idx=1&sn=4d02b898eb5147eeafa1dfba850492e6
522904,http://wechatscope.jmsc.hku.hk:8000/html?fn=gh_68b976f584b5_2018-10-11_2768392987_BMZPuCxvEK.y.tar.gz,,,10/11/2018,新华网,彭斯先生有点累,10/13/2018,mp.weixin.qq.com/s?__biz=MzA4MjQxNjQzMA==&mid=2768392987&idx=2&sn=1650d48c00015a8ac1e20645b98d5032
523592,http://wechatscope.jmsc.hku.hk:8000/html?fn=gh_2ffdd6afb5d4_2018-10-11_2657089787_6SLVOeIoTF.y.tar.gz,,,10/11/2018,网信天津,感谢彭斯，又提供了一份教育材料,10/13/2018,mp.weixin.qq.com/s?__biz=MzIzMDE3MzQ4Mg==&mid=2657089787&idx=2&sn=e7432b6ac66bc2fd43207bd50b998731
521959,http://wechatscope.jmsc.hku.hk:8000/html?fn=gh_a09deab6adec_2018-10-11_2657413945_WFIr9PYL5d.y.tar.gz,,,10/11/2018,经济日报,用什么来化解彭斯们的“焦虑”？,10/13/2018,mp.weixin.qq.com/s?__biz=MjM5NjEyMzYxMg==&mid=2657413945&idx=1&sn=9fbb0b64934ad5597800a7ceb1e13b38
520044,http://wechatscope.jmsc.hku.hk:8000/html?fn=wxid_8784487845511_2018-10-10_2650325933_ZXKR7Asjwm.y.tar.gz,,,10/10/2018,国际在线,国际锐评 | 彭斯一讲话，中国网民都笑了,10/13/2018,mp.weixin.qq.com/s?__biz=MTYyODMwOTMwMQ==&mid=2650325933&idx=1&sn=e238a8decebe59f337d9f05dee9283cf
521590,http://wechatscope.jmsc.hku.hk:8000/html?fn=gh_572b3506a44f_2018-10-11_2651091275_tiu0BReOrw.y.tar.gz,,,10/11/2018,侠客岛,神秘人士在党报开怼美国副总统，于是我们专访了他,10/13/2018,mp.weixin.qq.com/s?__biz=MzA3MDM2NTIwMA==&mid=2651091275&idx=1&sn=62f437b7c712033194adb6fbf8b975d6
521322,http://wechatscope.jmsc.hku.hk:8000/html?fn=gh_ba6105d7c051_2018-10-11_2652571389_gXGlFdk8iL.y.tar.gz,,,10/11/2018,冯站长之家,今日聚焦：4天后，再看，台女主持人对美国副总统的回应……,10/13/2018,mp.weixin.qq.com/s?__biz=MzA5OTQyMDgyOQ==&mid=2652571389&idx=2&sn=e9dd7dd6cd19dce6cf8370f6233140ae
526950,http://wechatscope.jmsc.hku.hk:8000/html?fn=gh_ef340e2f66e5_2018-10-11_2247485273_wSBk2ZfbEW.y.tar.gz,,,10/11/2018,依然猛料,美国副总统被小男孩追着要道歉!,10/12/2018,mp.weixin.qq.com/s?__biz=MzUxMDg2NTA1Nw==&mid=2247485273&idx=5&sn=495337213cc095d1b72a89ac1143215e
519907,http://wechatscope.jmsc.hku.hk:8000/html?fn=gh_0393f2a8691f_2018-10-10_2663486033_fsrQdmZ5Fa.y.tar.gz,,,10/10/2018,Civil Rights,当心那些熟读罗马史的彭斯们,10/12/2018,mp.weixin.qq.com/s?__biz=MzA5NDEwOTIyMA==&mid=2663486033&idx=4&sn=2e20355deca487f1befe9a1fcaf691a4
518503,http://wechatscope.jmsc.hku.hk:8000/html?fn=gh_eab2750ec83f_2018-10-10_2650672348_6uMzZUOmPh.y.tar.gz,,,10/10/2018,学习大国,对彭斯的演讲，中国青年有话说,10/12/2018,mp.weixin.qq.com/s?__biz=MzAwMTA3NjYxMA==&mid=2650672348&idx=1&sn=698e8c8182bc8080c222353371c0e433
517308,http://wechatscope.jmsc.hku.hk:8000/html?fn=gh_c01450c997fa_2018-10-10_2650194341_86wpafsqMK.y.tar.gz,,,10/10/2018,中国搜索,关注丨这个中国自媒体人给彭斯副总统写了一封公开信！,10/12/2018,mp.weixin.qq.com/s?__biz=MzA5ODM5NTcwNQ==&mid=2650194341&idx=3&sn=90cd434d3f55a08355a78f97ffbe318e
517262,http://wechatscope.jmsc.hku.hk:8000/html?fn=gh_a09deab6adec_2018-10-10_2657413896_Z2ILK59cbV.y.tar.gz,,,10/10/2018,经济日报,感谢彭斯，又提供了一份教育材料,10/12/2018,mp.weixin.qq.com/s?__biz=MjM5NjEyMzYxMg==&mid=2657413896&idx=1&sn=798d07168cb13a3d057ce432a43f0cca
520554,http://wechatscope.jmsc.hku.hk:8000/html?fn=gh_e525ae7f03af_2018-10-10_2247501666_jnymrQ3zc9.y.tar.gz,,,10/10/2018,演讲与人生,台湾女主持人怒怼美国副总统，我给一百个赞！,10/12/2018,mp.weixin.qq.com/s?__biz=MzIzOTcxODYzMQ==&mid=2247501666&idx=6&sn=23b525fc0c9c6c4c4f10dd0741dc10f1
280505,http://wechatscope.jmsc.hku.hk:8000/html?fn=gh_0008713c31f5_2018-10-09_2653249103_Jbi9d50Vk4.y.tar.gz,,,10/9/2018,瞭望智库,彭斯“诋毁中国”话音刚落，美国国务卿就来华做这件事了......,10/9/2018,mp.weixin.qq.com/s?__biz=MjM5ODU0NTk5NA==&mid=2653249103&idx=2&sn=14ec2fb989a5dc1b2819bbfac2deee16
280447,http://wechatscope.jmsc.hku.hk:8000/html?fn=gh_8956ac11363e_2018-10-09_2653887084_1mJ6Lb8SP5.y.tar.gz,,,10/9/2018,长安剑,中国青年回应彭斯演讲：头号强国为何如此脆弱？,10/9/2018,mp.weixin.qq.com/s?__biz=MzI0MjI0Nzc5Mg==&mid=2653887084&idx=1&sn=22f086cd3b3eef8a9211ee49ac0e30f0
280036,http://wechatscope.jmsc.hku.hk:8000/html?fn=gh_f252ce5c8740_2018-10-09_2650378166_8C7PMnKzfi.y.tar.gz,,,10/9/2018,中美印象网,回应美国副总统彭斯：台湾女主持人为大陆出手,10/9/2018,mp.weixin.qq.com/s?__biz=MzAwNDMyNzgxOA==&mid=2650378166&idx=1&sn=9e1822bf8429dc2c23e65b3f7c58d7d9
280208,http://wechatscope.jmsc.hku.hk:8000/html?fn=gh_5b6f3e827381_2018-10-09_2247489646_ZpKLjsWVH8.y.tar.gz,,,10/9/2018,九段线,“中国人在被妖魔化”，对彭斯的演讲，几位青年有话说,10/9/2018,mp.weixin.qq.com/s?__biz=MzA5Njk3OTk1Ng==&mid=2247489646&idx=1&sn=5de200d5ebf2a8ed771d5c7593f8cc61
272741,http://wechatscope.jmsc.hku.hk:8000/html?fn=gh_11d6ef0dd9d4_2018-10-08_2650824771_DW6R4QEdso.y.tar.gz,,,10/8/2018,新闻早餐,回应美国副总统彭斯：台湾女主持人为大陆出手,10/9/2018,mp.weixin.qq.com/s?__biz=MzA5Mzc1MzgzNQ==&mid=2650824771&idx=5&sn=76e86a036207fc252ba970b0833e8207
279766,http://wechatscope.jmsc.hku.hk:8000/html?fn=gh_9cda6ee40e37_2018-10-09_2655019549_4XaHovMsJ0.y.tar.gz,,,10/9/2018,共青团中央,对彭斯的演讲，几位中国青年有话说,10/9/2018,mp.weixin.qq.com/s?__biz=MzA3NTE5MzQzMA==&mid=2655019549&idx=1&sn=2faa5fb14492500f0313998f23237b8e
278187,http://wechatscope.jmsc.hku.hk:8000/html?fn=gh_b869a72fd5c2_2018-10-08_2650652088_H4Raqm3rDp.y.tar.gz,,,10/8/2018,青春山东,对美国副总统彭斯的回应,10/9/2018,mp.weixin.qq.com/s?__biz=MzA3NTIyNzUyNw==&mid=2650652088&idx=1&sn=54ac2b6f1479cc87673b18c43225955c
278180,http://wechatscope.jmsc.hku.hk:8000/html?fn=gh_05d833e54446_2018-10-08_2653897214_s6g95mvRor.y.tar.gz,,,10/8/2018,占豪,回应美国副总统“檄文”演说，台湾主持人为大陆出手！,10/9/2018,mp.weixin.qq.com/s?__biz=MzA5OTA0NDIyMQ==&mid=2653897214&idx=3&sn=73c0e1fa2b338e02d17c39d2ffa95ce1
279646,http://wechatscope.jmsc.hku.hk:8000/html?fn=gh_8bba5f4e6454_2018-10-09_2653056957_kbl7eZVGBo.y.tar.gz,,,10/9/2018,中国青年报,关注 | 对彭斯的演讲，几位中国青年有话说,10/9/2018,mp.weixin.qq.com/s?__biz=MjM5NjY3NjEyMA==&mid=2653056957&idx=2&sn=de2f5d87d1adf9a5cde49432ee2cb9a8
272908,http://wechatscope.jmsc.hku.hk:8000/html?fn=gh_e943cc9c9b6d_2018-10-08_2652257183_X4uCSwWa6I.y.tar.gz,,,10/8/2018,学习语录,台湾女主持人替大陆出手!霸气回应美国副总统：,10/9/2018,mp.weixin.qq.com/s?__biz=MzA3MjcwMzQ1OQ==&mid=2652257183&idx=2&sn=94d3e68e3cbbc16091191b526101e648
279408,http://wechatscope.jmsc.hku.hk:8000/html?fn=gh_2ffdd6afb5d4_2018-10-09_2657089632_dWgnzDUIi5.y.tar.gz,,,10/9/2018,网信天津,对彭斯的演讲，几位中国青年有话说,10/9/2018,mp.weixin.qq.com/s?__biz=MzIzMDE3MzQ4Mg==&mid=2657089632&idx=8&sn=43bebd8a264098925d7e2cd84b9e6350
279460,http://wechatscope.jmsc.hku.hk:8000/html?fn=gh_62a9937cd776_2018-10-09_2651473418_FQ1zDHLgvy.y.tar.gz,,,10/9/2018,女性之声,关注 | 对彭斯的演讲，几位中国青年有话说,10/9/2018,mp.weixin.qq.com/s?__biz=MzI1NTAzMDU1NA==&mid=2651473418&idx=2&sn=aa8db9c31006d1c70774b839a440b1d2
277664,http://wechatscope.jmsc.hku.hk:8000/html?fn=gh_ec3d4018f2a9_2018-10-08_2735461992_6HXt5I1Lmk.y.tar.gz,,,10/8/2018,今日平说,年度好文 |《十问美利坚》！- 血性中国人逐条驳斥美国副总统彭斯嘴里的无知谎言~,10/9/2018,mp.weixin.qq.com/s?__biz=MjM5MzU4ODk2MA==&mid=2735461992&idx=1&sn=9efcb611b72d5a2ac7ee49478bf2709b
279230,http://wechatscope.jmsc.hku.hk:8000/html?fn=gh_44a7747bcd60_2018-10-09_2657036185_9h005Sa4RV.y.tar.gz,,,10/9/2018,军报记者,热点｜对彭斯的演讲，几位中国青年有话说,10/9/2018,mp.weixin.qq.com/s?__biz=MjM5MTE2NDUwMA==&mid=2657036185&idx=4&sn=6eae006c3e20578ed6ce1c54a9f7477e
279081,http://wechatscope.jmsc.hku.hk:8000/html?fn=gh_5c9e0938601d_2018-10-09_2654703171_qibmU3KHFE.y.tar.gz,,,10/9/2018,观察者网,&quot;中国人在被妖魔化&quot;，对彭斯的演讲，几位青年有话说,10/9/2018,mp.weixin.qq.com/s?__biz=MjM5MjA4MjA4MA==&mid=2654703171&idx=3&sn=6f753c9a6a21c069cdee4a9fb7a71aff
278851,http://wechatscope.jmsc.hku.hk:8000/html?fn=gh_d62474859d61_2018-10-09_2658522018_0WJc2x3QO5.y.tar.gz,,,10/9/2018,人民网,对彭斯的演讲，中国青年有话说,10/9/2018,mp.weixin.qq.com/s?__biz=MjM5NzI3NDg4MA==&mid=2658522018&idx=1&sn=2a652acde197372000bd1b1efa30cb89
278761,http://wechatscope.jmsc.hku.hk:8000/html?fn=gh_61f94aa99b0d_2018-10-09_2650317164_KdvO2VUGwZ.y.tar.gz,,,10/9/2018,选美,华建平：彭斯开火，中美冷战搭起新框架，但要如何长出肉来？,10/9/2018,mp.weixin.qq.com/s?__biz=MzIxMTA0NzIyNg==&mid=2650317164&idx=1&sn=70d37aa97c1ea0383bc7c4b18cb6e22f
280125,http://wechatscope.jmsc.hku.hk:8000/html?fn=wxid_8784487845511_2018-10-09_2650325886_0vOjKuybno.y.tar.gz,,,10/9/2018,国际在线,“中国人正在被&#39;妖魔化&#39;”，对彭斯的演讲，几位中国青年有话说,10/9/2018,mp.weixin.qq.com/s?__biz=MTYyODMwOTMwMQ==&mid=2650325886&idx=1&sn=aa320e8a07b11bb2e33eeb7fa3f8d8c3
272583,http://wechatscope.jmsc.hku.hk:8000/html?fn=gh_af1e0783f705_2018-10-08_2247495518_rTZlQ0qEbN.y.tar.gz,,,10/8/2018,大河文摘,回应美国副总统彭斯：台湾女主持人为大陆出手,10/9/2018,mp.weixin.qq.com/s?__biz=MzIzNDYyMjY1Nw==&mid=2247495518&idx=2&sn=cbd90cfe5e4e6b21a53ea0a84dec75b8
278776,http://wechatscope.jmsc.hku.hk:8000/html?fn=gh_363b924965e9_2018-10-09_2666217595_zQ0C84hrGF.y.tar.gz,,,10/9/2018,人民日报,对彭斯的演讲，几位中国青年有话说,10/9/2018,mp.weixin.qq.com/s?__biz=MjM5MjAxNDM4MA==&mid=2666217595&idx=1&sn=e57168a63dd63687eda3b83dfd13a54a
278767,http://wechatscope.jmsc.hku.hk:8000/html?fn=gh_cab965852ef0_2018-10-09_2651111929_mwAO9SkpY2.y.tar.gz,,,10/9/2018,陆家嘴共享图书馆,对彭斯的演讲，几位中国青年有话说,10/9/2018,mp.weixin.qq.com/s?__biz=MzA3MjA1MjIwMA==&mid=2651111929&idx=1&sn=8ebe4390de5d43f09acd5cb777d0a258
276768,http://wechatscope.jmsc.hku.hk:8000/html?fn=gh_71dba46e5200_2018-10-08_2247487512_ODAoWhyLfw.y.tar.gz,,,10/8/2018,军武榜,台湾“奇女子”为大陆出手，如此回击美国副总统,10/9/2018,mp.weixin.qq.com/s?__biz=MzU1MjU1NzM3MQ==&mid=2247487512&idx=3&sn=cce942392bf370e32ccebde89e8f59c4
278335,http://wechatscope.jmsc.hku.hk:8000/html?fn=gh_fa0ac655c7ea_2018-10-09_2247485973_kbOxgdsv5R.y.tar.gz,,,10/9/2018,白天打灯笼,彭斯做错了什么？被小男孩追着要道歉,10/9/2018,mp.weixin.qq.com/s?__biz=MzI0NzU0MjY3OQ==&mid=2247485973&idx=3&sn=28dc8c42d6c9152f6729b3a1c8e57be0
276654,http://wechatscope.jmsc.hku.hk:8000/html?fn=gh_2837b93c1976_2018-10-08_2653855520_eEcgrjQsqY.y.tar.gz,,,10/8/2018,参考消息,锐参考 | 彭斯“诋毁中国”话音刚落，美国国务卿今天就来华做这件事了——,10/9/2018,mp.weixin.qq.com/s?__biz=MjM5MzA0MTg2MA==&mid=2653855520&idx=1&sn=a09aa74523753974a66a75d17aeb7953
283529,http://wechatscope.jmsc.hku.hk:8000/html?fn=gh_ef340e2f66e5_2018-10-09_2247485249_I5VNEYhPlJ.y.tar.gz,,,10/9/2018,依然猛料,美国大选副总统辩论全程!,10/9/2018,mp.weixin.qq.com/s?__biz=MzUxMDg2NTA1Nw==&mid=2247485249&idx=6&sn=05039d7c611b3176ae81099e379c16f9
278257,http://wechatscope.jmsc.hku.hk:8000/html?fn=gh_a515ab04b947_2018-10-09_2247487945_bABjrDZV14.y.tar.gz,,,10/9/2018,北方青杨,美副总统彭斯指责中国大陆 台湾女主持人回击。太给力了！,10/9/2018,mp.weixin.qq.com/s?__biz=MzI5ODU5MTA0OQ==&mid=2247487945&idx=3&sn=a765382e439c4b23844ed7c75b5c5b52
276325,http://wechatscope.jmsc.hku.hk:8000/html?fn=gh_c225404568b3_2018-10-08_2247498041_EXTINhLd94.y.tar.gz,,,10/8/2018,今日防务观察,台湾一位“奇”女子为大陆出手，如此回击美国副总统......,10/9/2018,mp.weixin.qq.com/s?__biz=MzI0OTcwMTc4Ng==&mid=2247498041&idx=8&sn=733da41e7215a9d25663a3e8450fc78a
275226,http://wechatscope.jmsc.hku.hk:8000/html?fn=gh_b9fc77031daa_2018-10-08_2247484433_yNCRO4IQrp.y.tar.gz,2018-10-12 6:44:41,,10/8/2018,才华有限的企鹅,穷到让人不好意思的副总统,10/9/2018,mp.weixin.qq.com/s?__biz=MzUzMzgzNDMyMg==&mid=2247484433&idx=3&sn=31b1577dfff69b7aca392e9e009250b2
269965,http://wechatscope.jmsc.hku.hk:8000/html?fn=gh_2b2e9f03559d_2018-10-07_2654292526_k7ayMQ5IfG.y.tar.gz,,,10/7/2018,军备圈,回应美国副总统“檄文”演说，有人发出震聩之声！,10/9/2018,mp.weixin.qq.com/s?__biz=MzI2NjE5NzQzOQ==&mid=2654292526&idx=3&sn=ac9c240d86e88068845e531f293cb2d3
269899,http://wechatscope.jmsc.hku.hk:8000/html?fn=gh_2837b93c1976_2018-10-07_2653855323_DM8Nf1bgY3.y.tar.gz,,,10/7/2018,参考消息,头条 | 美国副总统对华发表“新冷战演说”？姑妄听之吧,10/9/2018,mp.weixin.qq.com/s?__biz=MjM5MzA0MTg2MA==&mid=2653855323&idx=1&sn=f73bbb5d7c1c44040476311beb22512f
275470,http://wechatscope.jmsc.hku.hk:8000/html?fn=gh_05b50f275313_2018-10-08_2652535126_En4x6sTUrI.y.tar.gz,,,10/8/2018,中国妇女报,怒怼美国副总统的台湾女主持人道出我们共同的心声：中国有今天，不靠侵略与殖民,10/9/2018,mp.weixin.qq.com/s?__biz=MzA4NzAzNjYwNw==&mid=2652535126&idx=1&sn=1634f8ea45b24e72052ef606a33dbd72
274425,http://wechatscope.jmsc.hku.hk:8000/html?fn=gh_c01450c997fa_2018-10-08_2650194155_zm0X8aSv4V.y.tar.gz,,,10/8/2018,中国搜索,回应美国副总统“檄文”演说，台湾主持人为大陆出手！,10/8/2018,mp.weixin.qq.com/s?__biz=MzA5ODM5NTcwNQ==&mid=2650194155&idx=1&sn=1ffdcd17a06f86e896d052a62e582e84
274417,http://wechatscope.jmsc.hku.hk:8000/html?fn=gh_52c51fac4c3f_2018-10-08_2664326106_TckQK2zHCD.y.tar.gz,,,10/8/2018,网络新闻联播,回应美国副总统“檄文”演说，台湾主持人为大陆出手！,10/8/2018,mp.weixin.qq.com/s?__biz=MjM5NDI5MTgyMA==&mid=2664326106&idx=1&sn=e754a506596fed9cb0228d54123dc23b
274165,http://wechatscope.jmsc.hku.hk:8000/html?fn=gh_303bb302419a_2018-10-08_2247486218_9BV3WaDzej.y.tar.gz,,,10/8/2018,亚美时政学堂,【台湾女主持回应美国副总统：中国有今天，不靠侵略与殖民】,10/8/2018,mp.weixin.qq.com/s?__biz=MzUxMjcwMjIwOQ==&mid=2247486218&idx=2&sn=4dd9004a4c78bccb36229cc5de6f24a9
271966,http://wechatscope.jmsc.hku.hk:8000/html?fn=wxid_pzhf43hmwizd11_2018-10-07_2656702856_AZlmW6GbLI.y.tar.gz,,,10/7/2018,央视新闻,对于美国副总统的“檄文”演说，这位台湾主持人的回应掷地有声！,10/8/2018,mp.weixin.qq.com/s?__biz=MTI0MDU3NDYwMQ==&mid=2656702856&idx=1&sn=0b4cc128e66b54dcfe4c165c8f404853
272249,http://wechatscope.jmsc.hku.hk:8000/html?fn=gh_923adb0b0d19_2018-10-07_2657902402_YCb0Go0OWg.y.tar.gz,,,10/7/2018,国内国际爆料,台湾一位“奇”女子为大陆出手，如此回击美国副总统,10/8/2018,mp.weixin.qq.com/s?__biz=MzA3MDE2MjgxNQ==&mid=2657902402&idx=2&sn=89c0361b3535e54d91787db8101895d5
268638,http://wechatscope.jmsc.hku.hk:8000/html?fn=gh_0008713c31f5_2018-10-07_2653248981_ToIqXgFtyM.y.tar.gz,,,10/7/2018,瞭望智库,美国副总统对华发表“新冷战演说”？姑妄听之吧,10/8/2018,mp.weixin.qq.com/s?__biz=MjM5ODU0NTk5NA==&mid=2653248981&idx=1&sn=f68acd065b1794d2242b108f9eb3334c
274494,http://wechatscope.jmsc.hku.hk:8000/html?fn=gh_e3ae8ac3dd21_2018-10-08_2658625680_HxptnJS9Q0.y.tar.gz,,,10/8/2018,半月谈,回应美国副总统“檄文”演说，台湾主持人为大陆出手！,10/8/2018,mp.weixin.qq.com/s?__biz=MjM5OTU4Nzc0Mg==&mid=2658625680&idx=1&sn=93ed8b51aa6fca656d202eff06eb1a5d
274335,http://wechatscope.jmsc.hku.hk:8000/html?fn=gh_5b6f3e827381_2018-10-08_2247489641_thKg0fkYnz.y.tar.gz,,,10/8/2018,九段线,台湾一位“奇”女子为大陆出手，如此回击美国副总统,10/8/2018,mp.weixin.qq.com/s?__biz=MzA5Njk3OTk1Ng==&mid=2247489641&idx=2&sn=4dd2087ecdfdf4764e100acab41f1603
274285,http://wechatscope.jmsc.hku.hk:8000/html?fn=gh_46a1d4894e18_2018-10-08_2653808978_Rekb0vGFEJ.y.tar.gz,,,10/8/2018,海疆在线,回应美国副总统“檄文”演说，台湾主持人为大陆出手！,10/8/2018,mp.weixin.qq.com/s?__biz=MzA4MDM2NzkyOQ==&mid=2653808978&idx=3&sn=82389322e0aa1f4bf06efa51904f951d
269243,http://wechatscope.jmsc.hku.hk:8000/html?fn=wxid_3718957189212_2018-10-07_2666554164_wm06h5K9BI.y.tar.gz,,,10/7/2018,环球网,金灿荣：彭斯演说像怨妇，比不了丘吉尔，搞不起新冷战,10/8/2018,mp.weixin.qq.com/s?__biz=MTQzMTE0MjcyMQ==&mid=2666554164&idx=2&sn=d025dfc8790cc2aeb020d589d003d8dc
269242,http://wechatscope.jmsc.hku.hk:8000/html?fn=wxid_3718957189212_2018-10-07_2666554164_sgwhqvaTOM.y.tar.gz,,,10/7/2018,环球网,回应美国副总统“檄文”演说，台湾主持人为大陆出手！,10/8/2018,mp.weixin.qq.com/s?__biz=MTQzMTE0MjcyMQ==&mid=2666554164&idx=1&sn=d48ce2894e1e6648e5316cc68e312026
268514,http://wechatscope.jmsc.hku.hk:8000/html?fn=gh_a515ab04b947_2018-10-07_2247487924_8Q1c6vwZHR.y.tar.gz,,,10/7/2018,北方青杨,北方青杨：美国副总统开始骂中国了！竞争不过，急眼了吧？,10/8/2018,mp.weixin.qq.com/s?__biz=MzI5ODU5MTA0OQ==&mid=2247487924&idx=1&sn=b98b1e1e0b8fa7ed0cde3ab2aaa78851
273806,http://wechatscope.jmsc.hku.hk:8000/html?fn=gh_6635e4d1209d_2018-10-08_2652095592_0Kptc75Pba.y.tar.gz,,,10/8/2018,中国普法,【热点】点赞！台湾主持人为大陆出手！回应美国副总统“檄文”演说,10/8/2018,mp.weixin.qq.com/s?__biz=MzAwNTMwNzA0OA==&mid=2652095592&idx=1&sn=058cc48c1c586b5e590f43868e61bc3c
273586,http://wechatscope.jmsc.hku.hk:8000/html?fn=gh_62a9937cd776_2018-10-08_2651473396_mc73a1ACdq.y.tar.gz,,,10/8/2018,女性之声,关注 | 面对美国副总统彭斯的恶语中伤，台湾女主持果断出手！,10/8/2018,mp.weixin.qq.com/s?__biz=MzI1NTAzMDU1NA==&mid=2651473396&idx=2&sn=4a6a17949d585253fbdb8fa83f8b2eda
273625,http://wechatscope.jmsc.hku.hk:8000/html?fn=gh_6651e07e4b2d_2018-10-08_2649413464_Hq4YPwJjC8.y.tar.gz,,,10/8/2018,新华社,回应美国副总统，这位台湾主持人这样讲,10/8/2018,mp.weixin.qq.com/s?__biz=MzA4NDI3NjcyNA==&mid=2649413464&idx=1&sn=4f3fe613bf6f429e2efe8aaa13abfdaf
273241,http://wechatscope.jmsc.hku.hk:8000/html?fn=gh_78b3963d766e_2018-10-08_2247484857_diK8a5Y2WG.y.tar.gz,2018-10-10 1:32:16,,10/8/2018,凡人钒语,这么穷酸的副总统竟然敢跟中国叫板？,10/8/2018,mp.weixin.qq.com/s?__biz=MzUzMTMwNTIyNA==&mid=2247484857&idx=1&sn=c3db47b1f463c08233d1f0af563a7503
274346,http://wechatscope.jmsc.hku.hk:8000/html?fn=wxid_8889478894411_2018-10-08_2652803853_n0W3BUywKV.y.tar.gz,,,10/8/2018,新民周刊,军事 | 给彭斯补堂历史课，二战时美国是怎么“帮”中国的……,10/8/2018,mp.weixin.qq.com/s?__biz=MTUzMDQzNjMwMQ==&mid=2652803853&idx=1&sn=0f3ba46a66eaab41a329dd83c9508df4
273104,http://wechatscope.jmsc.hku.hk:8000/html?fn=zhongguozhisheng5538_2018-10-08_2651307623_pc6iANMQHE.y.tar.gz,,,10/8/2018,中国之声,回应美国副总统“檄文”演说，台湾主持人为大陆出手！,10/8/2018,mp.weixin.qq.com/s?__biz=Mjc4NjgzMzYwMA==&mid=2651307623&idx=1&sn=12e907c773f24733f43f5590117569b7
271847,http://wechatscope.jmsc.hku.hk:8000/html?fn=gh_586f6633228e_2018-10-07_2650999058_FSNURsYVm8.y.tar.gz,,,10/7/2018,南方杂志,台湾女主持人为大陆出手！霸气回应美国副总统彭斯,10/8/2018,mp.weixin.qq.com/s?__biz=MzAwODIzODM1OA==&mid=2650999058&idx=1&sn=1f3b04026159d1dfb75db52b35bbfcae
267284,http://wechatscope.jmsc.hku.hk:8000/html?fn=gh_cea50858e658_2018-10-06_2247488261_ZEFhHQP6IC.y.tar.gz,,,10/6/2018,中产必读,美国副总统的演讲，可能只是一个笑话……,10/8/2018,mp.weixin.qq.com/s?__biz=MzI2Nzc0MjE3OQ==&mid=2247488261&idx=3&sn=6688fb90542b0ae3c60d499fd9ba7372
271790,http://wechatscope.jmsc.hku.hk:8000/html?fn=gh_8956ac11363e_2018-10-07_2653887019_Mrz348KJDg.y.tar.gz,,,10/7/2018,长安剑,面对美国副总统彭斯的恶语中伤，台湾女主持果断出手！,10/8/2018,mp.weixin.qq.com/s?__biz=MzI0MjI0Nzc5Mg==&mid=2653887019&idx=1&sn=cc43575083eb61572ed1b8a183a017b9
271447,http://wechatscope.jmsc.hku.hk:8000/html?fn=gh_363b924965e9_2018-10-07_2666217347_O7emUKil8D.y.tar.gz,,,10/7/2018,人民日报,回应美国副总统“檄文”演说，台湾主持人为大陆出手！,10/8/2018,mp.weixin.qq.com/s?__biz=MjM5MjAxNDM4MA==&mid=2666217347&idx=1&sn=5c1519cf083976100071702411123163
265390,http://wechatscope.jmsc.hku.hk:8000/html?fn=gh_941fbf9dd2ee_2018-10-06_2247494665_cTDgBmF9zi.y.tar.gz,,,10/6/2018,狮说新语,被指影响美选举 中国反驳彭斯对华种种指责,10/8/2018,mp.weixin.qq.com/s?__biz=MzI4MDIyNjU4Mg==&mid=2247494665&idx=1&sn=8178a9b12dfb41088a6daac8e9ddac2d
265376,http://wechatscope.jmsc.hku.hk:8000/html?fn=gh_791a2065ef51_2018-10-06_2651258737_ky0dOz8GtR.y.tar.gz,,,10/6/2018,美国驻华大使馆,彭斯副总统讲话全文,10/8/2018,mp.weixin.qq.com/s?__biz=MjM5MDA2NDk0MA==&mid=2651258737&idx=1&sn=4e91538a71ba7b2eba69fa035cebc642
270917,http://wechatscope.jmsc.hku.hk:8000/html?fn=gh_38954511fdfd_2018-10-07_2652044630_j0m0MOD6LF.y.tar.gz,,,10/7/2018,东方网,回应美国副总统彭斯的演说，这位台湾女主持人的话掷地有声！,10/8/2018,mp.weixin.qq.com/s?__biz=MjM5OTkwMzc4Mg==&mid=2652044630&idx=1&sn=7e69ad456d2a0e405302ee5bede37fa8
271083,http://wechatscope.jmsc.hku.hk:8000/html?fn=gh_9cda6ee40e37_2018-10-07_2655019348_s3rfLckoyW.y.tar.gz,,,10/7/2018,共青团中央,回应美国副总统“檄文”演说，台湾主持人出手！,10/8/2018,mp.weixin.qq.com/s?__biz=MzA3NTE5MzQzMA==&mid=2655019348&idx=1&sn=995fc8c52a094c58ffe6fee6a51c15e7
265185,http://wechatscope.jmsc.hku.hk:8000/html?fn=gh_ac001a4d436e_2018-10-06_2651473493_BnxyPhweQY.y.tar.gz,,,10/6/2018,思想大视野,美正副总统接连攻击中国、五角大楼再发涉华军事报告|中方：敦促美方停止污蔑中国的奇谈怪论、停止挑事生非、制造紧张！,10/8/2018,mp.weixin.qq.com/s?__biz=MzAwMTQyNjgwMw==&mid=2651473493&idx=4&sn=e06d90e42b418a6b1f249b664b726ae4
270572,http://wechatscope.jmsc.hku.hk:8000/html?fn=gh_9b1d78621e0e_2018-10-07_2650525431_7tpHld0vFb.y.tar.gz,,,10/7/2018,山东省人民检察院,回应美国副总统“檄文”演说，台湾主持人为大陆出手！,10/8/2018,mp.weixin.qq.com/s?__biz=MzA4MDgyNzIxNQ==&mid=2650525431&idx=1&sn=bb94d2e3b2f4ca988323923e1f6eca24
270312,http://wechatscope.jmsc.hku.hk:8000/html?fn=gh_5c9e0938601d_2018-10-07_2654703075_dLIyE8AJR6.y.tar.gz,,,10/7/2018,观察者网,台湾女主持回应彭斯：中国有今天，不靠侵略与殖民,10/7/2018,mp.weixin.qq.com/s?__biz=MjM5MjA4MjA4MA==&mid=2654703075&idx=4&sn=9784d6bd98b5146b11d02fb93783d4b5
270512,http://wechatscope.jmsc.hku.hk:8000/html?fn=gh_95b0feda9646_2018-10-07_2653270450_Ro9ZpaI0V5.y.tar.gz,,,10/7/2018,环球时报,回应美国副总统“檄文”演说，台湾主持人为祖国出手！,10/7/2018,mp.weixin.qq.com/s?__biz=MjM5MDk1NzQzMQ==&mid=2653270450&idx=3&sn=75b266bba819606a96d2a6a26c30170f
270474,http://wechatscope.jmsc.hku.hk:8000/html?fn=gh_dc157713ecf2_2018-10-07_2651791225_XJCG8mH4UQ.y.tar.gz,,,10/7/2018,文汇报,台湾主持人发文回应美国副总统：中国的今天，靠的是人民的聪明，牺牲与勤奋！,10/7/2018,mp.weixin.qq.com/s?__biz=MjM5MjIxMzE0Ng==&mid=2651791225&idx=2&sn=786e97bf9e411641481ed7dfba2fd019
265343,http://wechatscope.jmsc.hku.hk:8000/html?fn=gh_4cb2a772addd_2018-10-06_2651029971_KQCYXvBkJt.y.tar.gz,,,10/6/2018,这里是美国,彭斯连珠炮指责中国，美国人一边倒的留言太搞笑了！,10/7/2018,mp.weixin.qq.com/s?__biz=MjM5NDE1MDYyMQ==&mid=2651029971&idx=3&sn=647cd3b66d2fb1b2e9a08bf25b0f7eff
263624,http://wechatscope.jmsc.hku.hk:8000/html?fn=gh_54e20425f3cb_2018-10-05_2247504825_oWdaT6RIm1.y.tar.gz,,,10/5/2018,加拿大和美国必读,美国副总统的演讲，可能只是一个笑话……,10/7/2018,mp.weixin.qq.com/s?__biz=MzIyMTc1Nzc2OA==&mid=2247504825&idx=1&sn=12d006084f8a4cbe03161fe83cd4f842
263573,http://wechatscope.jmsc.hku.hk:8000/html?fn=gh_9ee258d0c30a_2018-10-05_2653937261_DSZJUVfq3O.y.tar.gz,,,10/5/2018,INSIGHT视界,美国副总统指责中国干预「中期选举」，结果美帝人民一边倒的留言太喜感了....,10/7/2018,mp.weixin.qq.com/s?__biz=MzA3MDM3MDYwMg==&mid=2653937261&idx=1&sn=f8b864c01fd20559e30dae43df301e70
263519,http://wechatscope.jmsc.hku.hk:8000/html?fn=gh_cab965852ef0_2018-10-05_2651111917_vRPhHGN20t.y.tar.gz,,,10/5/2018,陆家嘴共享图书馆,美方无资格对我说三道四：华春莹横眉冷对彭副总统,10/7/2018,mp.weixin.qq.com/s?__biz=MzA3MjA1MjIwMA==&mid=2651111917&idx=1&sn=3026e7f9ee6629e4c27490b9be0aaa68
263791,http://wechatscope.jmsc.hku.hk:8000/html?fn=gh_8956ac11363e_2018-10-05_2653886856_NSQtgRXwUz.y.tar.gz,,,10/5/2018,长安剑,彭斯尖锐抨击中国20小时后，全世界做何反应？,10/7/2018,mp.weixin.qq.com/s?__biz=MzI0MjI0Nzc5Mg==&mid=2653886856&idx=1&sn=f5a979383167e7cc7f948ea07819ee29
263281,http://wechatscope.jmsc.hku.hk:8000/html?fn=gh_95b0feda9646_2018-10-05_2653270349_8FAeX4qhm3.y.tar.gz,,,10/5/2018,环球时报,人民日报“钟声”逐条驳斥美国副总统彭斯,10/7/2018,mp.weixin.qq.com/s?__biz=MjM5MDk1NzQzMQ==&mid=2653270349&idx=3&sn=c96082e06dfe567087fc421f381716b5
262726,http://wechatscope.jmsc.hku.hk:8000/html?fn=gh_95b0feda9646_2018-10-05_2653270309_AH5qw1dkxl.y.tar.gz,,,10/5/2018,环球时报,彭斯指控中国干涉美国大选，美国网友评论翻车：别拿中国说事！,10/7/2018,mp.weixin.qq.com/s?__biz=MjM5MDk1NzQzMQ==&mid=2653270309&idx=2&sn=482c05d1ff0997d0e7907eb914afb572
262486,http://wechatscope.jmsc.hku.hk:8000/html?fn=gh_80330ed4178a_2018-10-05_2651608396_5ZrXE6HWKt.y.tar.gz,,,10/5/2018,中国新闻网,美副总统称中国干涉美国内政和选举 外交部：混淆是非 无中生有,10/7/2018,mp.weixin.qq.com/s?__biz=MjM5ODA4OTIyMA==&mid=2651608396&idx=1&sn=728fb625bb025177bd1ebc8cc28c6a16
262334,http://wechatscope.jmsc.hku.hk:8000/html?fn=gh_572b3506a44f_2018-10-05_2651091226_nwTSWPqQpI.y.tar.gz,,,10/5/2018,侠客岛,【解局】美国副总统对华发表“新冷战演说”？姑妄听之吧,10/7/2018,mp.weixin.qq.com/s?__biz=MzA3MDM2NTIwMA==&mid=2651091226&idx=1&sn=b4035161d85fce7789f37f066303b830
262130,http://wechatscope.jmsc.hku.hk:8000/html?fn=gh_5c9e0938601d_2018-10-05_2654702930_nyihZ1LdHN.y.tar.gz,,,10/5/2018,观察者网,彭斯引用的鲁迅金句，不是这个意思吧……,10/7/2018,mp.weixin.qq.com/s?__biz=MjM5MjA4MjA4MA==&mid=2654702930&idx=4&sn=4e3f6a959cf9b0e9c973836661e03d20
262159,http://wechatscope.jmsc.hku.hk:8000/html?fn=gh_791a2065ef51_2018-10-05_2651258735_PSUbWaV8s1.y.tar.gz,,,10/5/2018,美国驻华大使馆,彭斯副总统就本届行政当局的对中国政策发表讲话（节选）,10/7/2018,mp.weixin.qq.com/s?__biz=MjM5MDA2NDk0MA==&mid=2651258735&idx=1&sn=6f62765c381efa46e2223a41262ba344
261835,http://wechatscope.jmsc.hku.hk:8000/html?fn=gh_2837b93c1976_2018-10-05_2653855163_qIdnSYGc0C.y.tar.gz,,,10/5/2018,参考消息,彭斯这样指责中国，美国人一边倒的留言太有喜剧效果了！,10/7/2018,mp.weixin.qq.com/s?__biz=MjM5MzA0MTg2MA==&mid=2653855163&idx=1&sn=ef846d407b228c4df5b15ece29f62442
261782,http://wechatscope.jmsc.hku.hk:8000/html?fn=gh_1c590825d750_2018-10-05_2652280509_AnOjxCzpWJ.y.tar.gz,,,10/5/2018,凤凰军事新闻,美副总统称中国干涉美国内政选举 外交部：混淆是非、无中生有,10/7/2018,mp.weixin.qq.com/s?__biz=MjM5MjQyNjA0NQ==&mid=2652280509&idx=8&sn=c1de1f927638af99e6744c706536655b
261723,http://wechatscope.jmsc.hku.hk:8000/html?fn=wxid_3718957189212_2018-10-05_2666553904_bfJPRp4M8D.y.tar.gz,,,10/5/2018,环球网,美国副总统昨夜大骂中国，到底说了什么？,10/7/2018,mp.weixin.qq.com/s?__biz=MTQzMTE0MjcyMQ==&mid=2666553904&idx=1&sn=e9e94b53d4fbea34e828ce23e8b3731a
261849,http://wechatscope.jmsc.hku.hk:8000/html?fn=gh_2837b93c1976_2018-10-05_2653855145_eC9dWJw2Xq.y.tar.gz,,,10/5/2018,参考消息,美副总统称中国干涉美内政选举 外交部：混淆是非 无中生有,10/7/2018,mp.weixin.qq.com/s?__biz=MjM5MzA0MTg2MA==&mid=2653855145&idx=1&sn=5793484be6a77e95bdff3d6e731abff8
261677,http://wechatscope.jmsc.hku.hk:8000/html?fn=gh_68b976f584b5_2018-10-05_2768392262_RijZn02f8A.y.tar.gz,,,10/5/2018,新华网,美副总统声称中国干涉美国内政选举，外交部：纯属无中生有,10/7/2018,mp.weixin.qq.com/s?__biz=MzA4MjQxNjQzMA==&mid=2768392262&idx=1&sn=bd3285e20234665118e04f789e67632a
261595,http://wechatscope.jmsc.hku.hk:8000/html?fn=gh_95b0feda9646_2018-10-05_2653270309_S5pFKy4DIz.y.tar.gz,,,10/5/2018,环球时报,美国副总统突然大骂中国，目的是什么？,10/7/2018,mp.weixin.qq.com/s?__biz=MjM5MDk1NzQzMQ==&mid=2653270309&idx=1&sn=f95504311539a1bae669d230d456e2a6
261486,http://wechatscope.jmsc.hku.hk:8000/html?fn=gh_d62474859d61_2018-10-05_2658521746_5dmWkoxGTb.y.tar.gz,,,10/5/2018,人民网,美副总统称中国干涉美内政选举 外交部：混淆是非 无中生有,10/7/2018,mp.weixin.qq.com/s?__biz=MjM5NzI3NDg4MA==&mid=2658521746&idx=1&sn=c2babfb44ef2c0fe6b25e1adcf02f94c
261421,http://wechatscope.jmsc.hku.hk:8000/html?fn=gh_46a1d4894e18_2018-10-05_2653808938_TxGoCj4K7u.y.tar.gz,,,10/5/2018,海疆在线,彭斯这样指责中国，美国人留言却一边倒,10/7/2018,mp.weixin.qq.com/s?__biz=MzA4MDM2NzkyOQ==&mid=2653808938&idx=1&sn=9238d95788028fc269d86adf7ab3264d
261221,http://wechatscope.jmsc.hku.hk:8000/html?fn=gh_363b924965e9_2018-10-05_2666216936_Wf6oh5gFd0.y.tar.gz,,,10/5/2018,人民日报,美副总统称中国干涉美国内政选举，外交部：混淆是非、无中生有,10/6/2018,mp.weixin.qq.com/s?__biz=MjM5MjAxNDM4MA==&mid=2666216936&idx=1&sn=591f912ff28afa0d1fe674b72492da8c
261159,http://wechatscope.jmsc.hku.hk:8000/html?fn=wxid_3718957189212_2018-10-05_2666553880_wXgCoTKSl7.y.tar.gz,,,10/5/2018,环球网,彭斯连珠炮指责中国，美国人一边倒的留言太搞笑了！,10/6/2018,mp.weixin.qq.com/s?__biz=MTQzMTE0MjcyMQ==&mid=2666553880&idx=1&sn=1d89d569168bf2be2fbf9f10b0194548
261018,http://wechatscope.jmsc.hku.hk:8000/html?fn=gh_38954511fdfd_2018-10-05_2652044481_hHneOY2JoA.y.tar.gz,,,10/5/2018,东方网,美副总统称中国干涉美内政选举 外交部：混淆是非 无中生有,10/6/2018,mp.weixin.qq.com/s?__biz=MjM5OTkwMzc4Mg==&mid=2652044481&idx=2&sn=e9c0370e8483f42b9c09d34c249f1347
175790,http://wechatscope.jmsc.hku.hk:8000/html?fn=gh_acb7ca9153bc_2018-09-15_2651663152_91qIRKn5N4.y.tar.gz,,,9/15/2018,大数据文摘,白宫版“潜伏”，数据分析锁定副总统,9/17/2018,mp.weixin.qq.com/s?__biz=MjM5MTQzNzU2NA==&mid=2651663152&idx=1&sn=86e7208460321ee27aea038c7bd75ed7
159934,http://wechatscope.jmsc.hku.hk:8000/html?fn=gh_05d833e54446_2018-09-11_2653896684_OLb7vJZasR.y.tar.gz,,,9/11/2018,占豪,副总统彭斯被吓坏了，这说明白宫有一个严重问题！丨睿解析,9/13/2018,mp.weixin.qq.com/s?__biz=MzA5OTA0NDIyMQ==&mid=2653896684&idx=5&sn=0c382e2a9e243d48d5d1d0c03679d438
154270,http://wechatscope.jmsc.hku.hk:8000/html?fn=gh_95b0feda9646_2018-09-10_2653268615_giVjFY9287.y.tar.gz,,,9/10/2018,环球时报,彭斯：不是我，我愿意接受测谎！,9/12/2018,mp.weixin.qq.com/s?__biz=MjM5MDk1NzQzMQ==&mid=2653268615&idx=4&sn=a4149455e19f4c0011c7a2b91a14fb72
152565,http://wechatscope.jmsc.hku.hk:8000/html?fn=wxid_3718957189212_2018-09-10_2666547622_ln1eAK5BNO.y.tar.gz,,,9/10/2018,环球网,彭斯：不是我，我愿意接受测谎！,9/12/2018,mp.weixin.qq.com/s?__biz=MTQzMTE0MjcyMQ==&mid=2666547622&idx=3&sn=b363b0bb70c54e64639ce0c3f75a2200
148484,http://wechatscope.jmsc.hku.hk:8000/html?fn=gh_2837b93c1976_2018-09-09_2653851953_uLQeAi360v.y.tar.gz,,,9/9/2018,参考消息,棱镜 | 美国副总统连连否认要弹劾特朗普：我不是，我没有,9/11/2018,mp.weixin.qq.com/s?__biz=MjM5MzA0MTg2MA==&mid=2653851953&idx=3&sn=1f716178260d0581549d993f98d1c475
148138,http://wechatscope.jmsc.hku.hk:8000/html?fn=gh_95b0feda9646_2018-09-09_2653268560_vLjEbVug0x.y.tar.gz,,,9/9/2018,环球时报,美国副总统连连否认要弹劾特朗普：我不是，我没有,9/11/2018,mp.weixin.qq.com/s?__biz=MjM5MDk1NzQzMQ==&mid=2653268560&idx=3&sn=bc2003c180d01616b31a7afdd2bfa240
488840,http://wechatscope.jmsc.hku.hk:8000/html?fn=gh_456a492c2af5_2018-08-25_2651086024_EW0wUjYvrH.y.tar.gz,,,8/25/2018,四月网,半夜：特朗普面临被弹劾，彭斯将接任总统（下）——科赫集团与副总统彭斯,8/27/2018,mp.weixin.qq.com/s?__biz=MjM5MzEzNzEwNw==&mid=2651086024&idx=2&sn=f3204af43d6ac25fd05ba886cfb9cbd7
488845,http://wechatscope.jmsc.hku.hk:8000/html?fn=gh_456a492c2af5_2018-08-25_2651086024_691BLrmN3O.y.tar.gz,,,8/25/2018,四月网,半夜：特朗普面临被弹劾，彭斯将接任总统（中）——中期选举与弹劾,8/27/2018,mp.weixin.qq.com/s?__biz=MjM5MzEzNzEwNw==&mid=2651086024&idx=1&sn=af775bd685403f5141ce662b9553120f
488133,http://wechatscope.jmsc.hku.hk:8000/html?fn=gh_d125a786f4aa_2018-08-25_2247484311_1KgaZYGpW4.y.tar.gz,,,8/25/2018,通往真理之路,美国副总统，穷到让人不好意思…,8/27/2018,mp.weixin.qq.com/s?__biz=MzU4NDA3MTA4Nw==&mid=2247484311&idx=4&sn=bf71f85f6342233822bc6082a97978b4
461374,http://wechatscope.jmsc.hku.hk:8000/html?fn=gh_456a492c2af5_2018-08-18_2651085965_0Aw0mFSafN.y.tar.gz,,,8/18/2018,四月网,半夜：特朗普面临被弹劾，彭斯将接任总统（上）——通俄门调查,8/20/2018,mp.weixin.qq.com/s?__biz=MjM5MzEzNzEwNw==&mid=2651085965&idx=3&sn=b2ef4a9cc2af08ea4496a4f27de70c91
407348,http://wechatscope.jmsc.hku.hk:8000/html?fn=gh_d125a786f4aa_2018-08-04_2247484273_H8rGbk0lWF.y.tar.gz,,,8/4/2018,通往真理之路,美国副总统，穷到让人不好意思…,8/17/2018,mp.weixin.qq.com/s?__biz=MzU4NDA3MTA4Nw==&mid=2247484273&idx=2&sn=0abc4c709c7ee19cece4ab91405fd2f0
432977,http://wechatscope.jmsc.hku.hk:8000/html?fn=gh_27c43c799b0c_2018-08-11_2649551786_VtK0GwPIlL.y.tar.gz,,,8/11/2018,DeepTech深科技,美副总统宣布美太空军计划部分细节，将“保证美国的太空支配地位”,8/13/2018,mp.weixin.qq.com/s?__biz=MzA3NTIyODUzNA==&mid=2649551786&idx=3&sn=d790d58ce0f9483dcaceecb881d64198
429527,http://wechatscope.jmsc.hku.hk:8000/html?fn=gh_791a2065ef51_2018-08-10_2651257801_0PsSbD2K96.y.tar.gz,,,8/10/2018,美国驻华大使馆,美国副总统彭斯指出创建美国太空部队的时机已经到来,8/12/2018,mp.weixin.qq.com/s?__biz=MjM5MDA2NDk0MA==&mid=2651257801&idx=1&sn=c3b71f6a4ab96d3d040237a82905b1fb
429098,http://wechatscope.jmsc.hku.hk:8000/html?fn=gh_f5de27cbde09_2018-08-10_2247484117_YxDnZVCa7N.y.tar.gz,,,8/10/2018,鹅城段子,美国副总统彭斯指出创建美国太空部队的时机已经到来,8/12/2018,mp.weixin.qq.com/s?__biz=MzU5ODY0NjAxMg==&mid=2247484117&idx=2&sn=3edafc9d0523747862919f8013b73677
418370,http://wechatscope.jmsc.hku.hk:8000/html?fn=gh_df3f523a069f_2018-08-07_2247485170_zSVRFdI020.y.tar.gz,,,8/7/2018,时代微思,这个美国副总统，穷到让人不好意思…,8/8/2018,mp.weixin.qq.com/s?__biz=MzU2NDA0ODk4OQ==&mid=2247485170&idx=1&sn=ee2e9db18a332bec0f0314a77200e53c
412203,http://wechatscope.jmsc.hku.hk:8000/html?fn=gh_e10d26e65120_2018-08-06_2651497456_mP0BD9U5hc.y.tar.gz,,,8/6/2018,耶稣爱我,他的存款不足1.5万美金，却靠着奇异恩典当上美国副总统,8/8/2018,mp.weixin.qq.com/s?__biz=MzIwODE3NDYxNg==&mid=2651497456&idx=4&sn=f749d93f1fe6199a4a617161f33b8ccb
407499,http://wechatscope.jmsc.hku.hk:8000/html?fn=gh_3a8b6d2f0e83_2018-08-05_2247483973_V0QRmEpyxN.y.tar.gz,,,8/5/2018,很短2,这个美国副总统，穷到让人不好意思…...,8/6/2018,mp.weixin.qq.com/s?__biz=MzU2NjYwNzY3OQ==&mid=2247483973&idx=1&sn=a961a0105d5ad6ac6ff95cd54a53d0e8
407482,http://wechatscope.jmsc.hku.hk:8000/html?fn=gh_1c6cefeca9ab_2018-08-05_2247487523_K5SC4MoOUn.y.tar.gz,,,8/5/2018,难得视界,这个美国副总统，穷到让人不好意思......,8/6/2018,mp.weixin.qq.com/s?__biz=MzI1ODI2NTk2OQ==&mid=2247487523&idx=3&sn=f6861ccef062706f2e4120ca888bb431
407366,http://wechatscope.jmsc.hku.hk:8000/html?fn=gh_aa94b7e40c0a_2018-08-05_2651974032_yk9EXcqRfw.y.tar.gz,,,8/5/2018,天天快讯,这个美国副总统，穷到让人不好意思…,8/6/2018,mp.weixin.qq.com/s?__biz=MzI2OTE3NzI2Mw==&mid=2651974032&idx=7&sn=5779ebb598268c3bf051c677519f28fe
405355,http://wechatscope.jmsc.hku.hk:8000/html?fn=gh_fc276be154e5_2018-08-04_2247493405_FDt4ref5wq.y.tar.gz,,,8/4/2018,中西ABC,这个美国副总统，穷到让人不好意思…...,8/6/2018,mp.weixin.qq.com/s?__biz=MzIzMTM3MDEzMQ==&mid=2247493405&idx=3&sn=f87c5bb2a5a6bbf471d88f4de3b54547
405156,http://wechatscope.jmsc.hku.hk:8000/html?fn=gh_957c1d902646_2018-08-04_2651872050_L28BF7PO09.y.tar.gz,,,8/4/2018,摆古论今,这个美国副总统，穷到让人不好意思…,8/5/2018,mp.weixin.qq.com/s?__biz=MzIwNDA4MTYxMQ==&mid=2651872050&idx=5&sn=63f729284a6a11567cd135d9dbd1108d
403381,http://wechatscope.jmsc.hku.hk:8000/html?fn=gh_ccf6a72b140a_2018-08-03_2247487212_bK9hGw1Vgl.y.tar.gz,,,8/3/2018,北斗局,这个美国副总统，穷到让人不好意思…,8/5/2018,mp.weixin.qq.com/s?__biz=MzI2NjYzNjM4MA==&mid=2247487212&idx=6&sn=3c027c2734061e79fdb7ce9e6cb4d3e1
402233,http://wechatscope.jmsc.hku.hk:8000/html?fn=gh_3f9203662dc6_2018-08-03_2247484761_K2oVCxDPGv.y.tar.gz,,,8/3/2018,狮门论坛,这个美国副总统，穷到让人不好意思…,8/5/2018,mp.weixin.qq.com/s?__biz=MzU4ODUxOTY4NA==&mid=2247484761&idx=3&sn=2db49ff6f8a2382ed43bdcd73a66eac5
399499,http://wechatscope.jmsc.hku.hk:8000/html?fn=gh_be651b92d150_2018-08-02_2652792628_o7NWTsHaJ5.y.tar.gz,,,8/2/2018,福音文摘,他的银行账户不足1.5万美元，为三个子女贷款上学，却靠着&quot;奇异恩典&quot;当上了美国副总统！,8/4/2018,mp.weixin.qq.com/s?__biz=MzA3OTc5NzMxOQ==&mid=2652792628&idx=1&sn=c222ba4eee2ffd9b658d5a6a543c006a
392324,http://wechatscope.jmsc.hku.hk:8000/html?fn=gh_1c6cefeca9ab_2018-08-01_2247487506_ekwT7Pq9j0.y.tar.gz,,,8/1/2018,难得视界,他的银行账户不足1.5万美元，为三个子女贷款上学，却靠着&amp;quot;奇异恩典&amp;quot;当上了美国副总统！,8/2/2018,mp.weixin.qq.com/s?__biz=MzI1ODI2NTk2OQ==&mid=2247487506&idx=4&sn=8ae9ef97725281c79b1835582bf3529d
390202,http://wechatscope.jmsc.hku.hk:8000/html?fn=gh_42092c4a3925_2018-07-31_2247484953_Qx3hckHplP.y.tar.gz,,,7/31/2018,时局报,他的银行账户不足1.5万美元，为三个子女贷款上学，却靠着&quot;奇异恩典&quot;当上了美国副总统！,8/2/2018,mp.weixin.qq.com/s?__biz=MzIyNzc3ODk0NQ==&mid=2247484953&idx=5&sn=15a369b9b73d13cf95dfd7cc1006698c
378313,http://wechatscope.jmsc.hku.hk:8000/html?fn=gh_791a2065ef51_2018-07-28_2651257562_MECwrLsH8N.y.tar.gz,,,7/28/2018,美国驻华大使馆,副总统迈克•彭斯在推进宗教自由部长级会议上的讲话,7/29/2018,mp.weixin.qq.com/s?__biz=MjM5MDA2NDk0MA==&mid=2651257562&idx=1&sn=0ea590fccce7a47b58ba4d9d1b54d074
354501,http://wechatscope.jmsc.hku.hk:8000/html?fn=gh_ec3d4018f2a9_2018-07-21_2735460565_ah5KGF6Ry0.y.tar.gz,,,7/21/2018,今日平说,平局 | 外交部发言人连用四个“错！”字，反怼美国副总统的言论。令人心服口服~,7/25/2018,mp.weixin.qq.com/s?__biz=MjM5MzU4ODk2MA==&mid=2735460565&idx=2&sn=be96b5249382a77a010c065071625cfc
349258,http://wechatscope.jmsc.hku.hk:8000/html?fn=gh_e943cc9c9b6d_2018-07-19_2652255814_xCmM1p8QYV.y.tar.gz,,,7/19/2018,学习语录,错！错！错！错！中方霸气回应美国副总统,7/20/2018,mp.weixin.qq.com/s?__biz=MzA3MjcwMzQ1OQ==&mid=2652255814&idx=5&sn=744a04bc8b36719e282e7a7fdf219ce3
312459,http://wechatscope.jmsc.hku.hk:8000/html?fn=gh_262667b1b5ca_2018-07-10_2650101314_VP0mSg97fJ.y.tar.gz,,,7/10/2018,非常历史,蒋李互害游戏：李宗仁为什么执意参加竞选副总统?,7/11/2018,mp.weixin.qq.com/s?__biz=MjM5MjA5MzE1MA==&mid=2650101314&idx=1&sn=13555e46969ecc6f4339c90b0a9059cc
92877,http://wechatscope.jmsc.hku.hk:8000/html?fn=gh_941fbf9dd2ee_2018-05-23_2247492487_alUX9ZzgyF.y.tar.gz,,,5/23/2018,狮说新语,朝恫言取消美朝峰会&nbsp;彭斯称特朗普随时也可退出,5/26/2018,mp.weixin.qq.com/s?__biz=MzI4MDIyNjU4Mg==&mid=2247492487&idx=3&sn=74376095be5cd92927c05bc15457a95b
281378,http://wechatscope.jmsc.hku.hk:8000/html?fn=zhongguozhisheng5538_2018-10-09_2651307790_IhOwtdjWL0.y.tar.gz,,,10/9/2018,中国之声,&quot;中国人在被妖魔化&quot;，对彭斯的演讲，几位青年有话说,,mp.weixin.qq.com/s?__biz=Mjc4NjgzMzYwMA==&mid=2651307790&idx=4&sn=6f6ebeb080058e1e560bcf5a4d31d20e
281457,http://wechatscope.jmsc.hku.hk:8000/html?fn=wxid_3718957189212_2018-10-09_2666554493_0zMbCRSmHP.y.tar.gz,,,10/9/2018,环球网,对彭斯的演讲，几位中国青年有话说,,mp.weixin.qq.com/s?__biz=MTQzMTE0MjcyMQ==&mid=2666554493&idx=3&sn=9ad6ad1eccb9ae41272364bb41ef023a
281712,http://wechatscope.jmsc.hku.hk:8000/html?fn=gh_08885da058c6_2018-10-09_2247497909_iWts7fVlrk.y.tar.gz,,,10/9/2018,凤凰网,对美国副总统彭斯的演讲，几位中国青年有话说,,mp.weixin.qq.com/s?__biz=MzU4NDQwMDk5OQ==&mid=2247497909&idx=4&sn=a4cf16b272b4423bd5a1d5075dcb70f4
282387,http://wechatscope.jmsc.hku.hk:8000/html?fn=gh_cffa19ce8f37_2018-10-09_2650134435_GfvnJX2Um5.y.tar.gz,,,10/9/2018,云石,台湾一位“奇”女子为大陆出手，如此回击美国副总统,,mp.weixin.qq.com/s?__biz=MzA3NDM2Mjg4Mw==&mid=2650134435&idx=3&sn=117693278f514a015038b51805c623d5
282438,http://wechatscope.jmsc.hku.hk:8000/html?fn=gh_c6968641124b_2018-10-09_2659632010_svgN00PMu2.y.tar.gz,,,10/9/2018,团中央学校部,对彭斯的演讲，几位中国青年有话说,,mp.weixin.qq.com/s?__biz=MjM5OTAzNDE3NA==&mid=2659632010&idx=1&sn=9d9ebe4c244280ffc18228b1b193a1f2
282504,http://wechatscope.jmsc.hku.hk:8000/html?fn=gh_863aeb41bd65_2018-10-09_2651656311_kBeMyDVXQC.y.tar.gz,,,10/9/2018,决策参考,回应美国副总统“檄文”演说，台湾主持人为大陆出手！,,mp.weixin.qq.com/s?__biz=MzA4MjE4ODYzOQ==&mid=2651656311&idx=2&sn=ad1f09fed870036529df0ac9b3a74002
282574,http://wechatscope.jmsc.hku.hk:8000/html?fn=gh_17cc006ff692_2018-10-09_2247484216_nwysNGgZrj.y.tar.gz,,,10/9/2018,今日平说订阅号,台湾一位“奇”女子为大陆出手，如此回击美国副总统,,mp.weixin.qq.com/s?__biz=MzI4MDg2NjUyOQ==&mid=2247484216&idx=2&sn=29e19f5fc92cb1e69f6bb0123c72cc1d
282630,http://wechatscope.jmsc.hku.hk:8000/html?fn=gh_1304b5a2a3e7_2018-10-09_2650054482_HQmKkdwPMa.y.tar.gz,,,10/9/2018,小彻小悟,彭斯做错了什么？被小男孩追着要道歉,,mp.weixin.qq.com/s?__biz=MzIwMDIzNzAzMg==&mid=2650054482&idx=1&sn=f0896c15004ee2c18601008a5a0609af
282726,http://wechatscope.jmsc.hku.hk:8000/html?fn=gh_cd59cf8b638f_2018-10-09_2653149759_d7bHm1XEi0.y.tar.gz,,,10/9/2018,指尖阳光,聚焦 | 对彭斯的演讲，几位中国青年有话说,,mp.weixin.qq.com/s?__biz=MzA4NzI5MTU0OA==&mid=2653149759&idx=5&sn=f2972a70c22eae9cf0a737e3a6d936e0
282812,http://wechatscope.jmsc.hku.hk:8000/html?fn=gh_85ceeb96c96a_2018-10-09_2247488183_YJBPpro0kj.y.tar.gz,,,10/9/2018,春草微视,实拍：美国副总统出访日本时，安保车队让围观市民大开眼界,,mp.weixin.qq.com/s?__biz=MzIxNzgzMDQzMA==&mid=2247488183&idx=1&sn=bdc7adb655433852a1aff299ed4d8dec
282904,http://wechatscope.jmsc.hku.hk:8000/html?fn=gh_e3ae8ac3dd21_2018-10-09_2658625756_VfWKywqch3.y.tar.gz,,,10/9/2018,半月谈,关注 | 对彭斯的演讲，几位中国青年有话说,,mp.weixin.qq.com/s?__biz=MjM5OTU4Nzc0Mg==&mid=2658625756&idx=2&sn=21ba7b8e92c5f29587d88d30fc6692e1
283231,http://wechatscope.jmsc.hku.hk:8000/html?fn=gh_71044192929a_2018-10-09_2247519497_mGtbvY4wSc.y.tar.gz,,,10/9/2018,世界华人周刊,回应美国副总统&quot;檄文&quot;演说，台湾主持人为大陆出手！,,mp.weixin.qq.com/s?__biz=MzU4MzY2MzgwNA==&mid=2247519497&idx=3&sn=590d111560004b5395cd52fff43d3428
514829,http://wechatscope.jmsc.hku.hk:8000/html?fn=gh_1c590825d750_2018-10-09_2652280609_N9JFVXw0Px.y.tar.gz,,,10/9/2018,凤凰军事新闻,美副总统指责大陆 台湾女主持正面回击：中国从未亏欠美国,,mp.weixin.qq.com/s?__biz=MjM5MjQyNjA0NQ==&mid=2652280609&idx=1&sn=f75a4efd8fd42d3e25f9c4e45b700de6
514980,http://wechatscope.jmsc.hku.hk:8000/html?fn=gh_1354d3dee7bb_2018-10-09_2650238979_Ar4U3b1JdB.y.tar.gz,,,10/9/2018,广东共青团,当心那些熟读罗马史的彭斯们,,mp.weixin.qq.com/s?__biz=MzA5MzUwNjUzMA==&mid=2650238979&idx=1&sn=72ceea6471274464c46385bc1f5bc485
515591,http://wechatscope.jmsc.hku.hk:8000/html?fn=gh_10d259dab2ed_2018-10-10_2247485846_DUf8ZzKkVQ.y.tar.gz,,,10/10/2018,绝秘猛料,美国副总统被小男孩追着要道歉！,,mp.weixin.qq.com/s?__biz=MzU4MTAxMDI0OA==&mid=2247485846&idx=6&sn=cb9d9d52146985d80a27bd8c3c778158
521033,http://wechatscope.jmsc.hku.hk:8000/html?fn=gh_7a402e27f818_2018-10-10_2649694314_wdXf3sG504.y.tar.gz,,,10/10/2018,华哥读报,对彭斯的演讲，几位中国青年有话说,,mp.weixin.qq.com/s?__biz=MzIwNTAwOTcwMg==&mid=2649694314&idx=3&sn=a21f61f50bdba949674c0a16c56fe08f
604252,http://wechatscope.jmsc.hku.hk:8000/html?fn=gh_0393f2a8691f_2018-10-25_2663486260_7bd8CnAZNz.y.tar.gz,,,10/25/2018,Civil Rights,爆炸包裹，轮到前副总统拜登！大家怎么看？,,mp.weixin.qq.com/s?__biz=MzA5NDEwOTIyMA==&mid=2663486260&idx=5&sn=516a05c083cdf27c686d3e7de8336c56
